"Qty";"Value";"Device";"Package";"Parts";"Description";"PROD_ID";"VALUE";
"1";"";"CONNECTORS_CONN_071X07_NO_SILK";"CONNECTORS_1X07_NO_SILK";"J2";"Multi connection point. Often used as Generic Header-pin footprint for 0.1 inch spaced/style header connections";"";"";
"1";"0.1uF";"CAP_CERAMIC-0805-MP";"0805-MP";"C1";"Ceramic Capacitors";"";"";
"1";"10k";"RESISTOR-0805-MP";"0805-MP";"R9";"Resistors";"";"";
"1";"1k";"RESISTOR-0805-MP";"0805-MP";"R3";"Resistors";"";"";
"5";"2.2k";"RESISTOR-0805-MP";"0805-MP";"R1, R2, R4, R5, R6";"Resistors";"";"";
"2";"4.7K";"RESISTOR-0805-MP";"0805-MP";"R7, R8";"Resistors";"";"";
"2";"CUI_SJ1-3513";"CUI_SJ1-3513";"CUI_SJ1-3513";"SW1, SW2";"SJ1-3513";"";"";
"5";"JUMPERS-SMT_2_NC_TRACE_SILK";"JUMPERS-SMT_2_NC_TRACE_SILK";"JUMPERS_SMT-JUMPER_2_NC_TRACE_SILK";"ADR0, ADR1, ADR2, INT, PWR";"Normally closed trace jumper";"";"";
"1";"JUMPERS_JUMPER-SMT_3_2-NC_TRACE_SILK";"JUMPERS_JUMPER-SMT_3_2-NC_TRACE_SILK";"JUMPERS_SMT-JUMPER_3_2-NC_TRACE_SILK";"I2C";"Normally closed trace jumper (2 of 2 connections)";"";"";
"1";"MILADOR-DEVICE-QWIIC-SWITCH";"MILADOR-DEVICE-QWIIC-SWITCH";"MILADOR_QWIIC_SWITCH";"LABEL_TITLE_BOTTOM";"";"";"";
"1";"MILADOR-DEVICE-QWIIC-SWITCH-SM";"MILADOR-DEVICE-QWIIC-SWITCH-SM";"MILADOR_QWIIC_SWITCH_SM";"LABEL_TITLE_TOP";"";"";"";
"2";"MILADOR-LABEL-!INT";"MILADOR-LABEL-!INT";"LABEL-!INT";"LABEL_!INT_BOTTOM, LABEL_!INT_TOP";"";"";"";
"2";"MILADOR-LABEL-3V";"MILADOR-LABEL-3V";"LABEL-3V";"LABEL_3V_BOTTOM, LABEL_3V_TOP";"";"";"";
"1";"MILADOR-LABEL-ADDRESS-0X27";"MILADOR-LABEL-ADDRESS-0X27";"LABEL-ADDRESS-27";"LABEL_I2C_ADDRESS";"";"";"";
"1";"MILADOR-LABEL-ADR0";"MILADOR-LABEL-ADR0";"LABEL-ADR0";"LABEL_ADR0";"";"";"";
"1";"MILADOR-LABEL-ADR1";"MILADOR-LABEL-ADR1";"LABEL-ADR1";"LABEL_ADR1";"";"";"";
"1";"MILADOR-LABEL-ADR2";"MILADOR-LABEL-ADR2";"LABEL-ADR2";"LABEL_ADR2";"";"";"";
"2";"MILADOR-LABEL-GND";"MILADOR-LABEL-GND";"LABEL-GND";"LABEL_GND_BOTTOM, LABEL_GND_TOP";"";"";"";
"1";"MILADOR-LABEL-I2C";"MILADOR-LABEL-I2C";"LABEL-I2C";"LABEL_I2C";"";"";"";
"1";"MILADOR-LABEL-INT";"MILADOR-LABEL-INT";"LABEL-INT";"LABEL_INT";"";"";"";
"1";"MILADOR-LABEL-P0";"MILADOR-LABEL-P0";"LABEL-P0";"LABEL_P0_BOTTOM";"";"";"";
"1";"MILADOR-LABEL-P1";"MILADOR-LABEL-P1";"LABEL-P1";"LABEL_P1_BOTTOM";"";"";"";
"2";"MILADOR-LABEL-P2";"MILADOR-LABEL-P2";"LABEL-P2";"LABEL_P2_BOTTOM, LABEL_P2_TOP";"";"";"";
"2";"MILADOR-LABEL-P3";"MILADOR-LABEL-P3";"LABEL-P3";"LABEL_P3_BOTTOM, LABEL_P3_TOP";"";"";"";
"1";"MILADOR-LABEL-PWR";"MILADOR-LABEL-PWR";"LABEL-PWR";"LABEL_PWR";"";"";"";
"2";"MILADOR-LABEL-SCL";"MILADOR-LABEL-SCL";"LABEL-SCL";"LABE_SCL_BOTTOM, LABE_SCL_TOP";"";"";"";
"2";"MILADOR-LABEL-SDA";"MILADOR-LABEL-SDA";"LABEL-SDA";"LABE_SDA_BOTTOM, LABE_SDA_TOP";"";"";"";
"2";"MILADOR-LOGO-";"MILADOR-LOGO-";"MILADOR_LOGO1";"LABEL_MILADOR_BOTTOM, LABEL_MILADOR_TOP";"";"";"";
"2";"MILADOR-SWITCH-NAME-SW-INPUT";"MILADOR-SWITCH-NAME-SW-INPUT";"SWITCH-INPUT";"LABEL_INPUT_BOTTOM, LABEL_INPUT_TOP";"";"";"";
"1";"MILADOR-SWITCH-NAME-SW1";"MILADOR-SWITCH-NAME-SW1";"SWITCH-SW1";"LABEL_SW1";"";"";"";
"1";"MILADOR-SWITCH-NAME-SW2";"MILADOR-SWITCH-NAME-SW2";"SWITCH-SW2";"LABEL_SW2";"";"";"";
"2";"QWIIC_RIGHT_ANGLE";"QWIIC_CONNECTORSJS-1MM";"CONNECTORS_JST04_1MM_RA";"J1, J3";"SparkFun I2C Standard Qwiic Connector";"CONN-13694";"QWIIC_RIGHT_ANGLE";
"1";"RED";"LED0805_NOOUTLINE";"CHIPLED_0805_NOOUTLINE";"D1";"LED";"";"";
"4";"STAND-OFF-3.3";"STAND-OFF-3.3";"STAND-OFF-3.3";"H1, H2, H3, H4";"Stand Off";"";"";
"1";"TCA9534";"TCA9534DWR";"16SOIC";"U1";"Texas Instruments TCA9534 I2C -> GPIO Expander";"IC-14889";"TCA9534";
