"Qty";"Value";"Device";"Package";"Parts";"Description";"PROD_ID";"VALUE";
"1";"";"CONNECTORS_CONN_01PTH_NO_SILK_YES_STOP";"CONNECTORS_1X01_NO_SILK";"J2";"Single connection point. Often used as Generic Header-pin footprint for 0.1 inch spaced/style header connections";"";"";
"2";"";"CONNECTORS_CONN_041X04_NO_SILK";"CONNECTORS_1X04_NO_SILK";"J3, J5";"Multi connection point. Often used as Generic Header-pin footprint for 0.1 inch spaced/style header connections";"CONN-09696";"";
"1";"0.1uF";"CAP_CERAMIC-0603";"0603";"C1";"Ceramic Capacitors";"";"";
"1";"10K";"RESISTOR-0603";"0603";"R6";"Resistors";"";"";
"2";"10k";"RESISTOR-0603";"0603";"R3, R5";"Resistors";"";"";
"1";"1k";"RESISTOR-0603";"0603";"R4";"Resistors";"";"";
"5";"2.2k";"RESISTOR-0603";"0603";"R1, R2, R7, R8, R9";"Resistors";"";"";
"2";"CUI_SJ1-3513";"CUI_SJ1-3513";"CUI_SJ1-3513";"SW1, SW2";"";"";"";
"5";"JUMPERS-SMT_2_NC_TRACE_SILK";"JUMPERS-SMT_2_NC_TRACE_SILK";"JUMPERS_SMT-JUMPER_2_NC_TRACE_SILK";"ADR0, ADR1, ADR2, INT, PWR";"Normally closed trace jumper";"";"";
"1";"JUMPERS_JUMPER-SMT_3_2-NC_TRACE_SILK";"JUMPERS_JUMPER-SMT_3_2-NC_TRACE_SILK";"JUMPERS_SMT-JUMPER_3_2-NC_TRACE_SILK";"I2C";"Normally closed trace jumper (2 of 2 connections)";"";"";
"1";"MILADOR-LOGO-";"MILADOR-LOGO-";"MILADOR_LOGO1";"U$6";"";"";"";
"1";"MILADOR-SWITCH-NAME-SW1";"MILADOR-SWITCH-NAME-SW1";"SWITCH-SW1";"U$17";"";"";"";
"1";"MILADOR-SWITCH-NAME-SW2";"MILADOR-SWITCH-NAME-SW2";"SWITCH-SW2";"U$18";"";"";"";
"2";"QWIIC_RIGHT_ANGLE";"QWIIC_CONNECTORSJS-1MM";"CONNECTORS_JST04_1MM_RA";"J1, J4";"SparkFun I2C Standard Qwiic Connector";"CONN-13694";"QWIIC_RIGHT_ANGLE";
"1";"RED";"LED";"LED-0603";"D1";"";"";"";
"4";"STAND-OFF";"STAND-OFF";"STAND-OFF";"H1, H2, JP3, JP4";"Stand Off";"";"";
"1";"TCA9534";"TCA9534U";"16SOIC";"U1";"Texas Instruments TCA9534 I2C -> GPIO Expander";"IC-14889";"TCA9534";
